point,flux_native,fraction_integer_to_half,f01_mhz,t1_mean_us,t1_conditional_mean_stderr_us,t1_repeat_span_us,t1_max_within_run_window_shift_us,t2r_mean_us,t2r_conditional_mean_stderr_us,t2r_repeat_span_us,t2r_max_within_run_window_shift_us,t2e_mean_us,t2e_conditional_mean_stderr_us,t2e_repeat_span_us,t2e_max_within_run_window_shift_us
0,0.002499873573093248,0,5423.391868890475,19.990546113758374,0.014431600460906727,0.047169456705752566,0.01698305717382098,7.98139467400108,0.027235990076507118,0.03949537846073703,0.0024710525359727953,14.544028324695997,0.028697689605116018,0.019953816474215458,0.03783016918097992
1,0.0024136710360900325,0.034482758620689655,5421.598228193007,20.055842801571103,0.014212401455655017,0.05451941450243325,0.024547171648933386,8.014941998515663,0.02667159995044112,0.011946739893387459,0.0051458171302503075,14.517115435402529,0.02908954018410731,0.058393787044238366,0.03596689114726459
2,0.002327468499086817,0.06896551724137931,5416.20619867747,20.00041092341917,0.015538313913030793,0.028186798878010677,0.0445768062437466,7.985675887345153,0.025034963542019804,0.0033914915660915312,0.0052595993868340685,14.461036048475222,0.028794585572357246,0.053356303976000774,0.021699904890819965
3,0.0022412659620836013,0.10344827586206896,5407.154275007138,19.998244404705012,0.013633540172031269,0.013343687054426567,0.02725469060446528,7.989978303820273,0.026026605950823702,0.13199052726941485,0.0033967174777949083,14.500477806964852,0.02906888098595145,0.004897715356358745,0.043738577513556365
4,0.002155063425080386,0.13793103448275862,5394.333887828263,20.00047256087236,0.014527305967763294,0.06474880586798193,0.03584420348794026,7.979921833884594,0.02644529624156795,0.03212359134869214,0.0022452188514625604,14.505811171411299,0.0282200736255812,0.03254697674253215,0.06706448078815619
5,0.0020688608880771705,0.1724137931034483,5377.585772562763,20.030692284668255,0.015455839784632011,0.03353637320531888,0.049007600660196715,7.999414011234878,0.025928159472362416,0.05221412925358049,0.009157720590564189,14.496369251234317,0.028922181925048616,0.008060835875616235,0.052646763106238836
6,0.0019826583510739555,0.20689655172413793,5356.687773410994,20.024216664935494,0.01502268916995528,0.03276195036703555,0.010510232418329934,8.004011951805083,0.025886987100403335,0.029167326264603943,0.0007653877350577432,14.48430156104303,0.028990071128536788,0.10386537928501127,0.11107141742890114
7,0.0018964558140707399,0.2413793103448276,5331.340726580547,20.02538116497373,0.01390450842401879,0.002707324355757379,0.04408992459008232,8.017541306301771,0.026635496981895067,0.017962394545040894,0.0043547255551636965,14.507158403446004,0.0286975928886571,0.05829952668319294,0.045718795374078525
8,0.0018102532770675243,0.27586206896551724,5301.145210533357,20.061163095204215,0.021148725807487917,0.049226541134895996,0.020383253204084184,8.014243753942761,0.031544831664468434,0.05922737900539676,0.004639712504969751,14.494122959263432,0.03390033779488639,0.05431645184659928,0.08319259386695421
9,0.0017240507400643089,0.3103448275862069,5265.566235046232,20.03015059310288,0.015320860146542293,0.05635591478177204,0.006613445519668915,7.99725380963681,0.026423403097067505,0.11501444376484216,0.0008874324370733433,14.472459910477355,0.02800298084446256,0.012268881901666973,0.06560759666921712
10,0.0016378482030610935,0.3448275862068966,5223.882088046029,20.04072313182828,0.015184915907413273,0.02030264880474064,0.07145173166957264,8.025378024274646,0.026835757888288545,0.10436895001122792,0.0030820061867853354,14.481683132979487,0.02891646128267291,0.07091559924396229,0.09879480366589988
11,0.0015516456660578778,0.3793103448275862,5175.10232354675,20.02148564266753,0.013993462812000892,0.015003684115878713,0.016318405040333772,8.00754345157123,0.027003383000181912,0.038202478146659224,0.005286610969579719,14.442399006405264,0.030367305771683787,0.03264332707841611,0.07215663088926938
12,0.0014654431290546624,0.41379310344827586,5117.840153849103,20.04125806461657,0.01509449165332303,0.02704896913929744,0.017551310830434375,7.981938945685103,0.027117030361186345,0.036875697412521724,0.0029090816469716785,14.50934513043957,0.029811250209023105,0.03382978386569313,0.06514178561505979
13,0.001379240592051447,0.4482758620689655,5050.107677515844,20.018460191899674,0.015292447903452862,0.006351620258058688,0.044646544774572305,8.005198683896818,0.026701444050174276,0.024484805083051953,0.005605002597448561,14.494588423874712,0.02875064458120763,0.01886046643727113,0.05594413259986197
14,0.0012930380550482316,0.4827586206896552,4968.994724336513,20.022049049797403,0.014343958142903753,0.01155648119927477,0.03510028022734346,7.9946699692848835,0.026572764380075494,0.04144046460381379,0.001230803206132336,14.491651397806624,0.029554151356035084,0.019882965875128278,0.0482078623660378
15,0.0012068355180450162,0.5172413793103449,4870.18443163925,20.035929254963527,0.015181018281393911,0.027175942786584528,0.029510996478716578,8.012008389412493,0.026268108580606127,0.0006414832262873205,0.005819119100280545,14.533264069100193,0.027726359428070745,0.13829458098013703,0.03698065705158449
16,0.0011206329810418006,0.5517241379310345,4747.336798716576,20.044197825515557,0.01655689327619659,0.05024302728832453,0.08216784944797695,7.999699539763079,0.028222917000192343,0.016255219621870154,0.005117067064517755,14.485033464523093,0.03119949479500186,0.07963557092298856,0.0322977570073828
17,0.0010344304440385852,0.5862068965517241,4591.704183568769,20.058597374774962,0.01645347092899912,0.012660313849163884,0.03227563257416577,8.009312801877993,0.027258553530367883,0.11256419621921765,0.004885333551003512,14.482505858573726,0.031008382049008736,0.022637481078213284,0.0703067415387526
18,0.0009482279070353699,0.6206896551724138,4393.100383529632,19.99837159939181,0.015507563304757775,0.029082698131635,0.07522447425666101,7.986234336991389,0.026869809780991585,0.04406397029812581,0.004918456931338966,14.48759894309696,0.029269048677761946,0.057339902325491465,0.0420880399610013
19,0.0008620253700321544,0.6551724137931034,4143.649107406741,20.03053335208353,0.01636800248766856,0.10395389314402692,0.036642714979791435,8.035799692956711,0.025689381941589616,0.026256034164619635,0.002827025736642952,14.508636379712591,0.030458990011010583,0.0119007159834279,0.0671781568166967
20,0.0007758228330289389,0.6896551724137931,3842.7860333804297,20.01911561205552,0.017219644263792095,0.03622245992184503,0.04022867556303211,8.041650654059342,0.027696674310114997,0.07482932169219048,0.005131236204933387,14.543639999769205,0.0314539405044359,0.0035582341735089784,0.055673920655712195
21,0.0006896202960257235,0.7241379310344828,3498.0691556413,20.021584987896187,0.01913626978344031,0.04381214660964616,0.02796989812384254,8.018385565850568,0.029515464055381854,0.004613806452699265,0.002974042466343363,14.476708356043813,0.03347388536061467,0.08776351049527875,0.05905376197489787
22,0.0006034177590225081,0.7586206896551724,3120.7397997658977,19.993416373361008,0.024353425776742977,0.07674728526896502,0.033607480756771224,7.982234034875759,0.03114854738782864,0.08212541468002055,0.004982017565050789,14.531932130256926,0.03583161146090774,0.04344871700503461,0.029766064968111294
23,0.0005172152220192926,0.7931034482758621,2721.395406913496,20.020425945091677,0.03292342317909362,0.014856475720101514,0.133896294493411,8.033432128225593,0.039619278850306826,0.07768148191345237,0.006038671051216582,14.509536758605055,0.04186088004069626,0.008059147976261727,0.02946171345988091
24,0.0004310126850160772,0.8275862068965517,2308.684171595733,20.02290647021779,0.03739145164725842,0.040563684809310274,0.08971147975248073,8.006545898816576,0.037938809036517106,0.08366491958719369,0.0038527302991635537,14.442711082514347,0.04760134714108435,0.13110629183320377,0.0530472891563889
25,0.00034481014801286176,0.8620689655172413,1890.122426847868,19.94753080088725,0.05112695019060644,0.1434223297153494,0.14614406580749062,7.992788140640496,0.04933054288721257,0.024930910050875887,0.005231597637555652,14.59139887006057,0.0601666542530983,0.10188716970995237,0.07162081686465349
26,0.0002586076110096463,0.896551724137931,1474.319039907709,20.036322432787628,0.049438923750484025,0.05674035604134886,0.09540075455061725,8.05859155848756,0.054772112607200045,0.04645514875200085,0.010298947116227808,14.49312096256929,0.0647471678047987,0.061585422325865835,0.05398235770149995
27,0.00017240507400643088,0.9310344827586207,1076.524514832289,20.048793540256987,0.028142536162613137,0.02132642640250282,0.04198767127820702,7.987321875653407,0.03190243950118395,0.09946609846629428,0.0028904663659989893,14.487427600836336,0.03577808201699325,0.05261684312336712,0.07727625131487947
28,8.620253700321544e-05,0.9655172413793104,737.783635081417,20.002003835689372,0.0404550042691537,0.07563371247804795,0.09167799971469393,7.975143792705671,0.04275192390214078,0.031814249447656984,0.002448688089024209,14.476233112976008,0.04823924890554842,0.012894145003878421,0.060363004581050816
29,0,1,581.8484935221143,20.05061042339896,0.05474186836133974,0.05643773717757483,0.029803002829812186,8.016428920190403,0.0538186013946237,0.1368999641701807,0.003999152045855325,14.50298172075675,0.0629584551284593,0.03473179263150605,0.15641749010353223
